Workbook

Sheet Data
A1: property_id | B1: title | C1: city | D1: locality | E1: property_type | F1: bedrooms | G1: bathrooms | H1: area_sqft | I1: furnished | J1: floor | K1: amenity_count | L1: rent | M1: status | N1: owner_name | O1: listing_date | P1: inquiry_count | Q1: rent_per_sqft | R1: rent_band | S1: demand_flag | T1: price_check | U1: rent_per_inquiry
A2: 1 | B2: 3BHK Apartment in Sector 35, Chandigarh | C2: Chandigarh | D2: Sector 35 | E2: Apartment | F2: 3 | G2: 3 | H2: 1143 | I2: Semi-Furnished | J2: 3 | K2: 8 | L2: 41500 | M2: Available | N2: Rajesh Kumar | O2: 46308 | P2: 2 | Q2: 36.31 | R2: =IF(L2<20000,"Affordable",IF(L2<45000,"Mid-Range","Premium")) -> Mid-Range | S2: =IF(P2=0,"No Interest",IF(P2>=3,"High Demand","Normal")) -> Normal | T2: =IF(AND(M2="Available",OR(P2=0,L2>45000)),"Review Price","OK") -> OK | U2: =IFERROR(L2/P2,"No inquiries") -> 20750
A3: 2 | B3: 4BHK Villa in Manimajra, Chandigarh | C3: Chandigarh | D3: Manimajra | E3: Villa | F3: 4 | G3: 4 | H3: 2020 | I3: Semi-Furnished | J3: 1 | K3: 9 | L3: 109500 | M3: Available | N3: Rajesh Kumar | O3: 46306 | P3: 0 | Q3: 54.21 | R3: =IF(L3<20000,"Affordable",IF(L3<45000,"Mid-Range","Premium")) -> Premium | S3: =IF(P3=0,"No Interest",IF(P3>=3,"High Demand","Normal")) -> No Interest | T3: =IF(AND(M3="Available",OR(P3=0,L3>45000)),"Review Price","OK") -> Review Price | U3: =IFERROR(L3/P3,"No inquiries") -> No inquiries
A4: 3 | B4: 2BHK Apartment in Manimajra, Chandigarh | C4: Chandigarh | D4: Manimajra | E4: Apartment | F4: 2 | G4: 1 | H4: 646 | I4: Furnished | J4: 20 | K4: 8 | L4: 25000 | M4: Rented | N4: Rajesh Kumar | O4: 46230 | P4: 1 | Q4: 38.7 | R4: =IF(L4<20000,"Affordable",IF(L4<45000,"Mid-Range","Premium")) -> Mid-Range | S4: =IF(P4=0,"No Interest",IF(P4>=3,"High Demand","Normal")) -> Normal | T4: =IF(AND(M4="Available",OR(P4=0,L4>45000)),"Review Price","OK") -> OK | U4: =IFERROR(L4/P4,"No inquiries") -> 25000
A5: 4 | B5: 3BHK Independent House in Sector 35, Chandigarh | C5: Chandigarh | D5: Sector 35 | E5: Independent House | F5: 3 | G5: 3 | H5: 1479 | I5: Furnished | J5: 2 | K5: 6 | L5: 61000 | M5: Rented | N5: Rajesh Kumar | O5: 46212 | P5: 1 | Q5: 41.24 | R5: =IF(L5<20000,"Affordable",IF(L5<45000,"Mid-Range","Premium")) -> Premium | S5: =IF(P5=0,"No Interest",IF(P5>=3,"High Demand","Normal")) -> Normal | T5: =IF(AND(M5="Available",OR(P5=0,L5>45000)),"Review Price","OK") -> OK | U5: =IFERROR(L5/P5,"No inquiries") -> 61000
A6: 5 | B6: Studio / PG Room in Manimajra, Chandigarh | C6: Chandigarh | D6: Manimajra | E6: PG/Studio | F6: 1 | G6: 1 | H6: 220 | I6: Unfurnished | J6: 0 | K6: 5 | L6: 5500 | M6: Rented | N6: Rajesh Kumar | O6: 46279 | P6: 0 | Q6: 25 | R6: =IF(L6<20000,"Affordable",IF(L6<45000,"Mid-Range","Premium")) -> Affordable | S6: =IF(P6=0,"No Interest",IF(P6>=3,"High Demand","Normal")) -> No Interest | T6: =IF(AND(M6="Available",OR(P6=0,L6>45000)),"Review Price","OK") -> OK | U6: =IFERROR(L6/P6,"No inquiries") -> No inquiries
A7: 6 | B7: 4BHK Apartment in Sector 71, Mohali | C7: Mohali | D7: Sector 71 | E7: Apartment | F7: 4 | G7: 4 | H7: 1388 | I7: Semi-Furnished | J7: 1 | K7: 10 | L7: 36500 | M7: Rented | N7: Gurpreet Singh | O7: 46185 | P7: 1 | Q7: 26.3 | R7: =IF(L7<20000,"Affordable",IF(L7<45000,"Mid-Range","Premium")) -> Mid-Range | S7: =IF(P7=0,"No Interest",IF(P7>=3,"High Demand","Normal")) -> Normal | T7: =IF(AND(M7="Available",OR(P7=0,L7>45000)),"Review Price","OK") -> OK | U7: =IFERROR(L7/P7,"No inquiries") -> 36500
A8: 7 | B8: Studio / PG Room in Sector 71, Mohali | C8: Mohali | D8: Sector 71 | E8: PG/Studio | F8: 1 | G8: 1 | H8: 135 | I8: Unfurnished | J8: 1 | K8: 6 | L8: 3000 | M8: Rented | N8: Gurpreet Singh | O8: 46255 | P8: 1 | Q8: 22.22 | R8: =IF(L8<20000,"Affordable",IF(L8<45000,"Mid-Range","Premium")) -> Affordable | S8: =IF(P8=0,"No Interest",IF(P8>=3,"High Demand","Normal")) -> Normal | T8: =IF(AND(M8="Available",OR(P8=0,L8>45000)),"Review Price","OK") -> OK | U8: =IFERROR(L8/P8,"No inquiries") -> 3000
A9: 8 | B9: 1BHK Apartment in Sector 70, Mohali | C9: Mohali | D9: Sector 70 | E9: Apartment | F9: 1 | G9: 1 | H9: 358 | I9: Unfurnished | J9: 9 | K9: 2 | L9: 8000 | M9: Available | N9: Gurpreet Singh | O9: 46264 | P9: 2 | Q9: 22.35 | R9: =IF(L9<20000,"Affordable",IF(L9<45000,"Mid-Range","Premium")) -> Affordable | S9: =IF(P9=0,"No Interest",IF(P9>=3,"High Demand","Normal")) -> Normal | T9: =IF(AND(M9="Available",OR(P9=0,L9>45000)),"Review Price","OK") -> OK | U9: =IFERROR(L9/P9,"No inquiries") -> 4000
A10: 9 | B10: 3BHK Apartment in Phase 5, Mohali | C10: Mohali | D10: Phase 5 | E10: Apartment | F10: 3 | G10: 3 | H10: 1209 | I10: Furnished | J10: 15 | K10: 1 | L10: 33500 | M10: Available | N10: Gurpreet Singh | O10: 46301 | P10: 1 | Q10: 27.71 | R10: =IF(L10<20000,"Affordable",IF(L10<45000,"Mid-Range","Premium")) -> Mid-Range | S10: =IF(P10=0,"No Interest",IF(P10>=3,"High Demand","Normal")) -> Normal | T10: =IF(AND(M10="Available",OR(P10=0,L10>45000)),"Review Price","OK") -> OK | U10: =IFERROR(L10/P10,"No inquiries") -> 33500
A11: 10 | B11: 3BHK Apartment in Phase 5, Mohali | C11: Mohali | D11: Phase 5 | E11: Apartment | F11: 3 | G11: 3 | H11: 1233 | I11: Unfurnished | J11: 8 | K11: 8 | L11: 30500 | M11: Available | N11: Gurpreet Singh | O11: 46206 | P11: 0 | Q11: 24.74 | R11: =IF(L11<20000,"Affordable",IF(L11<45000,"Mid-Range","Premium")) -> Mid-Range | S11: =IF(P11=0,"No Interest",IF(P11>=3,"High Demand","Normal")) -> No Interest | T11: =IF(AND(M11="Available",OR(P11=0,L11>45000)),"Review Price","OK") -> Review Price | U11: =IFERROR(L11/P11,"No inquiries") -> No inquiries
A12: 11 | B12: Studio / PG Room in Sector 15, Panchkula | C12: Panchkula | D12: Sector 15 | E12: PG/Studio | F12: 1 | G12: 1 | H12: 190 | I12: Furnished | J12: 1 | K12: 9 | L12: 5500 | M12: Available | N12: Sunita Verma | O12: 46222 | P12: 2 | Q12: 28.95 | R12: =IF(L12<20000,"Affordable",IF(L12<45000,"Mid-Range","Premium")) -> Affordable | S12: =IF(P12=0,"No Interest",IF(P12>=3,"High Demand","Normal")) -> Normal | T12: =IF(AND(M12="Available",OR(P12=0,L12>45000)),"Review Price","OK") -> OK | U12: =IFERROR(L12/P12,"No inquiries") -> 2750
A13: 12 | B13: 4BHK Apartment in Sector 15, Panchkula | C13: Panchkula | D13: Sector 15 | E13: Apartment | F13: 4 | G13: 3 | H13: 1372 | I13: Furnished | J13: 3 | K13: 8 | L13: 34500 | M13: Available | N13: Sunita Verma | O13: 46313 | P13: 2 | Q13: 25.15 | R13: =IF(L13<20000,"Affordable",IF(L13<45000,"Mid-Range","Premium")) -> Mid-Range | S13: =IF(P13=0,"No Interest",IF(P13>=3,"High Demand","Normal")) -> Normal | T13: =IF(AND(M13="Available",OR(P13=0,L13>45000)),"Review Price","OK") -> OK | U13: =IFERROR(L13/P13,"No inquiries") -> 17250
... A61: 60 | B61: 4BHK Apartment in Hazratganj, Lucknow | C61: Lucknow | D61: Hazratganj | E61: Apartment | F61: 4 | G61: 4 | H61: 1332 | I61: Unfurnished | J61: 13 | K61: 1 | L61: 22000 | M61: Available | N61: Sunita Verma | O61: 46315 | P61: 1 | Q61: 16.52 | R61: =IF(L61<20000,"Affordable",IF(L61<45000,"Mid-Range","Premium")) -> Mid-Range | S61: =IF(P61=0,"No Interest",IF(P61>=3,"High Demand","Normal")) -> Normal | T61: =IF(AND(M61="Available",OR(P61=0,L61>45000)),"Review Price","OK") -> OK | U61: =IFERROR(L61/P61,"No inquiries") -> 22000

Sheet Summary
A1: City | B1: Properties | C1: AVG_RENT | D1: Total_inquires | E1: Vacant | F1: Vacancy %
A2: Chandigarh | B2: =COUNTIF(Data!C:C,A2) -> 5 | C2: =ROUND(AVERAGEIF(Data!C:C,A2,Data!L:L),0) -> 48500 | D2: =SUMIF(Data!C:C,A2,Data!P:P) -> 4 | E2: =COUNTIFS(Data!C:C,A2,Data!M:M,"Available") -> 2 | F2: =ROUND(E2/B2*100,1) -> 40
A3: Mohali | B3: =COUNTIF(Data!C:C,A3) -> 5 | C3: =ROUND(AVERAGEIF(Data!C:C,A3,Data!L:L),0) -> 22300 | D3: =SUMIF(Data!C:C,A3,Data!P:P) -> 5 | E3: =COUNTIFS(Data!C:C,A3,Data!M:M,"Available") -> 3 | F3: =ROUND(E3/B3*100,1) -> 60
A4: Panchkula | B4: =COUNTIF(Data!C:C,A4) -> 5 | C4: =ROUND(AVERAGEIF(Data!C:C,A4,Data!L:L),0) -> 16200 | D4: =SUMIF(Data!C:C,A4,Data!P:P) -> 6 | E4: =COUNTIFS(Data!C:C,A4,Data!M:M,"Available") -> 3 | F4: =ROUND(E4/B4*100,1) -> 60
A5: Delhi | B5: =COUNTIF(Data!C:C,A5) -> 5 | C5: =ROUND(AVERAGEIF(Data!C:C,A5,Data!L:L),0) -> 37200 | D5: =SUMIF(Data!C:C,A5,Data!P:P) -> 6 | E5: =COUNTIFS(Data!C:C,A5,Data!M:M,"Available") -> 4 | F5: =ROUND(E5/B5*100,1) -> 80
A6: Gurugram | B6: =COUNTIF(Data!C:C,A6) -> 5 | C6: =ROUND(AVERAGEIF(Data!C:C,A6,Data!L:L),0) -> 34600 | D6: =SUMIF(Data!C:C,A6,Data!P:P) -> 3 | E6: =COUNTIFS(Data!C:C,A6,Data!M:M,"Available") -> 3 | F6: =ROUND(E6/B6*100,1) -> 60
A7: Noida | B7: =COUNTIF(Data!C:C,A7) -> 5 | C7: =ROUND(AVERAGEIF(Data!C:C,A7,Data!L:L),0) -> 32700 | D7: =SUMIF(Data!C:C,A7,Data!P:P) -> 3 | E7: =COUNTIFS(Data!C:C,A7,Data!M:M,"Available") -> 3 | F7: =ROUND(E7/B7*100,1) -> 60
A8: Mumbai | B8: =COUNTIF(Data!C:C,A8) -> 5 | C8: =ROUND(AVERAGEIF(Data!C:C,A8,Data!L:L),0) -> 123200 | D8: =SUMIF(Data!C:C,A8,Data!P:P) -> 1 | E8: =COUNTIFS(Data!C:C,A8,Data!M:M,"Available") -> 3 | F8: =ROUND(E8/B8*100,1) -> 60
A9: Pune | B9: =COUNTIF(Data!C:C,A9) -> 5 | C9: =ROUND(AVERAGEIF(Data!C:C,A9,Data!L:L),0) -> 35100 | D9: =SUMIF(Data!C:C,A9,Data!P:P) -> 3 | E9: =COUNTIFS(Data!C:C,A9,Data!M:M,"Available") -> 3 | F9: =ROUND(E9/B9*100,1) -> 60
A10: Bengaluru | B10: =COUNTIF(Data!C:C,A10) -> 5 | C10: =ROUND(AVERAGEIF(Data!C:C,A10,Data!L:L),0) -> 41600 | D10: =SUMIF(Data!C:C,A10,Data!P:P) -> 5 | E10: =COUNTIFS(Data!C:C,A10,Data!M:M,"Available") -> 5 | F10: =ROUND(E10/B10*100,1) -> 100
A11: Hyderabad | B11: =COUNTIF(Data!C:C,A11) -> 5 | C11: =ROUND(AVERAGEIF(Data!C:C,A11,Data!L:L),0) -> 31700 | D11: =SUMIF(Data!C:C,A11,Data!P:P) -> 7 | E11: =COUNTIFS(Data!C:C,A11,Data!M:M,"Available") -> 4 | F11: =ROUND(E11/B11*100,1) -> 80
A12: Jaipur | B12: =COUNTIF(Data!C:C,A12) -> 5 | C12: =ROUND(AVERAGEIF(Data!C:C,A12,Data!L:L),0) -> 22100 | D12: =SUMIF(Data!C:C,A12,Data!P:P) -> 3 | E12: =COUNTIFS(Data!C:C,A12,Data!M:M,"Available") -> 2 | F12: =ROUND(E12/B12*100,1) -> 40
A13: Lucknow | B13: =COUNTIF(Data!C:C,A13) -> 5 | C13: =ROUND(AVERAGEIF(Data!C:C,A13,Data!L:L),0) -> 14800 | D13: =SUMIF(Data!C:C,A13,Data!P:P) -> 4 | E13: =COUNTIFS(Data!C:C,A13,Data!M:M,"Available") -> 3 | F13: =ROUND(E13/B13*100,1) -> 60

Sheet Pivots
A2: 1: Average rent by city and property type | I2: 3: Inquiries by month
A3: Sum of rent | B3: Column Labels | I3: Row Labels | J3: Sum of inquiry_count
A4: Row Labels | B4: Apartment | C4: Independent House | D4: PG/Studio | E4: Villa | F4: Grand Total | I4: May | J4: 4
A5: Bengaluru | B5: 110000 | C5: 93000 | D5: 5000 | F5: 208000 | I5: Jun | J5: 9
A6: Chandigarh | B6: 66500 | C6: 61000 | D6: 5500 | E6: 109500 | F6: 242500 | I6: Jul | J6: 11
A7: Delhi | B7: 175000 | D7: 11000 | F7: 186000 | I7: Aug | J7: 7
A8: Gurugram | B8: 157000 | D8: 16000 | F8: 173000 | I8: Sep | J8: 8
A9: Hyderabad | B9: 61500 | C9: 93000 | D9: 4000 | F9: 158500 | I9: Oct | J9: 11
A10: Jaipur | B10: 68500 | C10: 42000 | F10: 110500 | I10: Grand Total | J10: 50
A11: Lucknow | B11: 48500 | C11: 25500 | F11: 74000
A12: Mohali | B12: 108500 | D12: 3000 | F12: 111500
A13: Mumbai | B13: 318000 | D13: 12500 | E13: 285500 | F13: 616000
A14: Noida | B14: 83500 | C14: 27000 | E14: 53000 | F14: 163500
A15: Panchkula | B15: 64500 | D15: 16500 | F15: 81000
A16: Pune | B16: 120000 | C16: 55500 | F16: 175500
A17: Grand Total | B17: 1381500 | C17: 397000 | D17: 73500 | E17: 448000 | F17: 2300000
A20: 2: Count of properties by city and status
A21: Count of property_id | B21: Column Labels
A22: Row Labels | B22: Available | C22: Rented | D22: Grand Total
A23: Bengaluru | B23: 5 | D23: 5
A24: Chandigarh | B24: 2 | C24: 3 | D24: 5
A25: Delhi | B25: 4 | C25: 1 | D25: 5
A26: Gurugram | B26: 3 | C26: 2 | D26: 5
A27: Hyderabad | B27: 4 | C27: 1 | D27: 5
A28: Jaipur | B28: 2 | C28: 3 | D28: 5
A29: Lucknow | B29: 3 | C29: 2 | D29: 5
A30: Mohali | B30: 3 | C30: 2 | D30: 5
A31: Mumbai | B31: 3 | C31: 2 | D31: 5
A32: Noida | B32: 3 | C32: 2 | D32: 5
A33: Panchkula | B33: 3 | C33: 2 | D33: 5
A34: Pune | B34: 3 | C34: 2 | D34: 5
A35: Grand Total | B35: 38 | C35: 22 | D35: 60
